channel_name,video_title,published_at,view_count,like_count
Moe Đi Đâu,"SINH VIÊN ĐI THỰC TẬP: CHUẨN BỊ GÌ? | CÁCH TÌM VIỆC, CHUẨN BỊ PHỎNG VẤN, SẮP XẾP THỜI GIAN, CV?",2021-04-26 21:02:34,157985,9116
Moe Đi Đâu,BẠN CÓ ĐANG HIỂU SAI VỀ NGÀNH KINH TẾ? | TIPS HỌC GIỎI KINH TẾ-TÀI CHÍNH | TRẢ LỜI GIẢ ĐỊNH KINH TẾ,2021-02-27 21:00:17,356032,18182
Moe Đi Đâu,3 SAI LẦM KHIẾN KẾ HOẠCH CỦA BẠN THẤT BẠI | Cách Moe lên kế hoạch để cân bằng cuộc sống,2020-12-09 21:00:46,222102,13049
Moe Đi Đâu,MÌNH ĐÃ CHỌN NGÀNH HỌC NHƯ THẾ NÀO? | 2 điều duy nhất bạn cần làm để định hướng nghề | MOE ĐI ĐÂU,2020-11-04 21:00:13,1234055,67743
Moe Đi Đâu,4 SAI LẦM CỦA SINH VIÊN NĂM NHẤT - Tân sinh viên nên biết gì? làm gì? không nên làm gì? - MOE ĐI ĐÂU,2020-10-24 21:00:11,440421,26742
Moe Đi Đâu,VÌ SAO HỌC PHÍ RMIT ĐẮT THẾ? | TẠI SAO CÓ NGƯỜI SẴN SÀNG TRẢ 900 TRIỆU CHO ĐẠI HỌC? | MOE ĐI ĐÂU,2020-08-15 21:00:12,502568,19073
Moe Đi Đâu,KINH DOANH QUỐC TẾ LÀ GÌ? KHÓ KHÔNG? BẠN CÓ NÊN HỌC KINH DOANH QUỐC TẾ TẠI RMIT? | Moe Đi Đâu,2020-07-17 21:00:12,335725,13888
Chim Vặn Dây Cót,Hướng dẫn chơi Dark souls 3 Việt hóa mới nhất 2025 - Tập 2,2025-07-09 05:40:47,5384,183
Chim Vặn Dây Cót,Hướng dẫn cài Việt hóa cho Dark souls 3,2025-06-08 20:50:45,2475,86
Chim Vặn Dây Cót,Hướng dẫn chơi Dark souls 3 Việt hóa mới nhất 2025 - Tập 1,2025-06-01 14:39:49,23778,552
Chim Vặn Dây Cót,Giáo trình chơi Elden Ring mới nhất 2025 - Tập 8 : Hoàn thành DLC,2025-03-17 14:38:55,14567,272
Chim Vặn Dây Cót,Giáo trình chơi Elden Ring mới nhất 2025 - Tập 7 : Khám phá DLC,2025-02-22 12:22:00,18019,252
Chim Vặn Dây Cót,"Giáo trình chơi Elden Ring mới nhất 2025 - Tập 6 : Bon chen đủ rồi, đi làm lord thôi",2025-01-29 21:08:56,21358,283
Chim Vặn Dây Cót,Giáo trình chơi Elden Ring mới nhất 2025 - Tập 5 : Thá Nịt long tong,2025-01-14 14:13:32,20243,240
Chim Vặn Dây Cót,Giáo trình chơi Elden Ring mới nhất 2024 - Tập 4 : Vượt ngàn chông gai cầu hôn Ranni,2024-12-30 13:52:55,21714,267
Chim Vặn Dây Cót,Giáo trình chơi Elden Ring mới nhất 2024 - Tập 3 : Thá nịt ve chai,2024-12-16 15:09:07,29138,345
Chim Vặn Dây Cót,Giáo trình chơi Elden Ring mới nhất 2024 - Tập 2 : Một vài mẹo săn Boss,2024-11-21 07:49:35,36486,386
Chim Vặn Dây Cót,Giáo trình chơi Elden Ring mới nhất 2024 - Tập 1 : Khám phá Trung Địa,2024-11-21 07:49:05,72629,1150
Chim Vặn Dây Cót,Elden Ring DLC - #8 : Cuối cùng cũng xơi hết cái rổ hành này,2024-09-05 15:40:04,7055,190
Chim Vặn Dây Cót,"Elden Ring DLC - #7 : Cuối tuần rồi, lại ăn hành thôi...!!!",2024-08-12 17:01:02,4892,149
Chim Vặn Dây Cót,Elden Ring DLC - #6 : Hành này tươi lắm các bác ơi... Mại zô...!!!,2024-08-06 06:20:32,5641,169
Chim Vặn Dây Cót,Elden Ring DLC - #5 : Lâu lắm mới lại được ăn hành,2024-08-02 15:18:02,6240,203
Chim Vặn Dây Cót,Elden Ring DLC - #4 : Hành cũng cay nhưng hơi ít,2024-07-15 12:36:32,6989,203
Chim Vặn Dây Cót,Elden Ring DLC - #3 : Xin lỗi...! Hành hôm nay hơi nhạt,2024-07-08 15:29:43,8181,267
Chim Vặn Dây Cót,Elden Ring DLC - #2 : Xem Thá Nịt Chim ăn hành tiếp đê...Mại zô...!!!,2024-07-04 22:08:24,11797,399
Chim Vặn Dây Cót,Hướng dẫn chơi Dark Souls Remastered - Việt hóa #3,2024-07-01 15:41:51,9586,198
Chim Vặn Dây Cót,Elden Ring DLC - #1 : Xem Thá Nịt Chim ăn hành đê...Mại zô...!!!,2024-06-24 16:16:04,18494,647
Chim Vặn Dây Cót,Hướng dẫn chơi Dark Souls Remastered - Việt hóa #2,2024-05-24 22:42:49,18466,244
Chim Vặn Dây Cót,Hướng dẫn chơi Dark Souls Remastered - Việt hóa #1 (Link VH dưới phần bình luận),2024-05-02 15:29:59,44396,652
Chim Vặn Dây Cót,Hướng dẫn chơi Lies of P Việt hóa #2,2024-04-15 22:49:01,14027,192
Chim Vặn Dây Cót,Hướng dẫn chơi Lies of P Việt hóa #1,2024-03-24 20:07:55,29453,433
Chim Vặn Dây Cót,Hướng dẫn chơi Elden Ring #32 : Quét dọn Caelid + Liurnia of the Lakes,2024-01-07 15:58:19,3901,104
Chim Vặn Dây Cót,Hướng dẫn chơi Elden Ring #31 : Quét dọn Limgrave + Weeping Peninsula,2023-10-05 19:21:28,2823,75
Chim Vặn Dây Cót,Hướng dẫn chơi Elden Ring #30 : Sưu tập Spirit Ashes huyền thoại ( 6 cái ),2023-10-01 10:00:46,5393,96
Chim Vặn Dây Cót,Hướng dẫn chơi Elden Ring #29 : Sưu tập Spells huyền thoại ( 7 cái ),2023-09-24 09:47:41,5909,95
Chim Vặn Dây Cót,Hướng dẫn chơi Elden Ring #28 : Sưu tập Talisman huyền thoại ( 8 cái ),2023-09-20 01:54:00,4975,86
Chim Vặn Dây Cót,Hướng dẫn chơi Elden Ring #27 : Sưu tập vũ khí huyền thoại ( 9 món ),2023-09-18 21:42:19,6785,131
Chim Vặn Dây Cót,Hướng dẫn chơi Elden Ring #26 : Sưu tập Larval tear ( 18 cái ) + Imbued sword key (2 cái ),2023-09-15 07:35:11,2483,55
Chim Vặn Dây Cót,Hướng dẫn chơi Elden Ring #25 : Đi ngắm tranh ( 7 bức tranh ),2023-09-10 05:30:52,2415,61
Chim Vặn Dây Cót,Hướng dẫn chơi Elden Ring #24 : Sưu tập Crystal Tears ( 32 viên ),2023-09-06 08:21:11,2942,62
Chim Vặn Dây Cót,Hướng dẫn chơi Elden Ring #23 : Xử nốt mấy con boss khó,2023-09-04 02:27:35,6819,108
Chim Vặn Dây Cót,Hướng dẫn chơi Elden Ring #22 : Làm gỏi đám rồng,2023-08-26 07:18:57,4118,84
Chim Vặn Dây Cót,Hướng dẫn chơi Elden Ring #21 : Ngáng giò mấy thằng 6 chân,2023-08-22 03:00:20,3787,79
Chim Vặn Dây Cót,Hướng dẫn chơi Elden Ring #20 : Vặt lông chim điên ( Death Bird ),2023-08-20 19:35:16,4343,98
Chim Vặn Dây Cót,Hướng dẫn chơi Elden Ring #19 : Đoạt lấy ngai vàng Elden Lord,2023-08-19 07:11:02,10937,154
Chim Vặn Dây Cót,Hướng dẫn chơi Elden Ring #18 : Đi nhóm lửa đốt cây ( Gurranq questline ),2023-08-15 08:12:45,7528,80
Chim Vặn Dây Cót,Hướng dẫn chơi Elden Ring #17 : Cây thần Haligtree của Miquella ( Dung Eater + Millicent questline ),2023-08-13 13:30:39,11955,145
Chim Vặn Dây Cót,Hướng dẫn chơi Elden Ring #16 : Kiếm đá xịn + Latenna questline,2023-08-08 08:27:08,7575,104
Chim Vặn Dây Cót,"Hướng dẫn chơi Elden Ring #15 : Boc, Corhyn, Goldmask, Alexander, Sellen questline",2023-08-06 06:22:10,7078,100
Chim Vặn Dây Cót,"Hướng dẫn chơi Elden Ring #14 : Volcano Manor ( Tanith, Rya, Bernahl, Diallos, Patches )",2023-08-02 03:18:05,8313,105
Chim Vặn Dây Cót,Hướng dẫn chơi Elden Ring #13 : Fia questline ( gồm cả D ),2023-07-31 02:38:30,7887,98
Chim Vặn Dây Cót,Hướng dẫn chơi Elden Ring #12 : Ranni questline ( gồm cả Blaidd và Iji ),2023-07-30 05:12:12,10453,120
Chim Vặn Dây Cót,"Hướng dẫn chơi Elden Ring #11 : Seluvis, Nepheli questline",2023-07-29 12:28:15,8658,120
Chim Vặn Dây Cót,Hướng dẫn chơi Elden Ring #10 : Kiếm bell đá 5 6 + 2 Sacred Tear + Irina questline,2023-07-28 05:34:35,8956,106
Chim Vặn Dây Cót,Hướng dẫn chơi Elden Ring #9 : Thủ đô hoàng gia Leyndell,2023-07-27 01:41:50,10165,106
Chim Vặn Dây Cót,"Hướng dẫn chơi Elden Ring #8 : Mohgwyn Palace + Yura, Varre quest line",2023-07-26 00:28:42,14914,151
Chim Vặn Dây Cót,Hướng dẫn chơi Elden Ring #7 : Cống ngầm Leyndell,2023-07-26 00:28:36,11800,130
Phê Game,🔴Lên đỉnh cùng @ChangDoran2k và @PhânTíchGame #3,2025-07-17 01:38:23,9400,249
Phê Game,Con Đường Tơ Lụa - Một Thời Để Nhớ,2025-07-16 19:15:05,10265,430
Phê Game,🔴Lên đỉnh cùng @ChangDoran2k và @PhânTíchGame #2,2025-07-16 01:15:02,9864,257
Phê Game,"Giải Thích Các Meme ""Game Wibu"" Trong 24 Phút | PHÊ MEME #3",2025-07-15 19:00:06,59001,3377
Phê Game,🔴Lên đỉnh cùng @ChangDoran2k và @PhânTíchGame,2025-07-15 01:17:30,13478,303
Phê Game,"Những Tựa Game ""Khai Tử"" Luôn Studio Phát Triển",2025-07-14 19:15:06,63466,1830
Phê Game,🔴Săn quái + chạy bo cùng @ChangDoran2k và @PhânTíchGame,2025-07-14 00:44:06,8164,155
Phê Game,Anh Nhân Viên Xui Xẻo Và Cái Siêu Thị Khốn Nạn | SUPERMARKET SIMULATOR,2025-07-13 19:15:06,56999,2005
Phê Game,🔴Chill hunt cúi tuần,2025-07-13 18:14:29,5342,120
Phê Game,Series HITMAN Đã Được Tạo Ra Như Thế Nào?,2025-07-12 18:54:14,30048,932
Phê Game,Gái Ngựa Bị Điên (và lý do tôi yêu cô ấy) | SOI GAME #136,2025-07-11 18:30:32,117188,4740
Phê Game,"TẠP CHÍ GAME #218 | RE: Survival Unit! BF6 Cực Tham Vọng, FBC:Firebreak ""Siêu Flop"" & Chiến Dịch SKG",2025-07-10 19:30:06,21318,543
Phê Game,DLC Thế Này Liệu Có Đáng Chơi? | Lies of P: Overture,2025-07-09 19:00:09,26584,772
Phê Game,Bí Mật Của Kẻ Giả Mạo Animatronic | FNAF - Secret Of The Mimic,2025-07-08 18:30:06,62558,1594
Phê Game,Những Nhiệm Vụ Lê Thê Đến Phát Bực Trong Video Games,2025-07-07 18:30:24,42853,1379
Phê Game,🔴Chill hunt cúi tuần,2025-07-06 21:08:35,6269,131
Phê Game,Sẽ Thế Nào Nếu THẾ CHIẾN THỨ 3 Bùng Nổ? | OBSERVER,2025-07-06 19:00:06,44476,1345
Phê Game,🔴 Chết Cạn Trên Bờ Biển [PS5 Pro] #12,2025-07-06 05:35:42,11137,242
Phê Game,Kẻ Tâm Thần Chống Lại Những Nhân Cách Của Chính Mình | POCKET MIRROR,2025-07-05 18:30:06,34433,1191
Phê Game,🔴Monster Hunter Wilds TU2 - Chúa Tể Đại Dương,2025-07-05 17:49:40,8296,143
Phê Game,🔴Săn bướm pro max cùng @ChangDoran2k và @PhânTíchGame,2025-07-05 12:58:58,0,0
Phê Game,🔴 Chết Cạn Trên Bờ Biển [PS5 Pro] #11,2025-07-04 23:31:07,5991,127
Phê Game,SUPER SOI GAME #29,2025-07-04 18:53:03,88420,2343
Phê Game,🔴Săn bướm pro max cùng @ChangDoran2k và @PhânTíchGame,2025-07-04 00:55:00,15218,261
Phê Game,"TẠP CHÍ GAME #217 | Mecha Break Xuất Quân! Switch 2 Phá Kỷ Lục, Perfect Dark = 0 & Leon Không Đủ Sợ?",2025-07-03 19:30:06,33099,784
Phê Game,🔴 Chết Cạn Trên Bờ Biển [PS5 Pro] #10,2025-07-02 23:44:27,6383,142
Phê Game,NEXUS MODS - Thiên Đường Của Các Modder,2025-07-02 19:07:40,64207,1998
Phê Game,🔴 Chết Cạn Trên Bờ Biển [PS5 Pro] #9,2025-07-02 00:40:55,8579,169
Phê Game,"LIES OF P Và ""Lời Nói Dối"" Của Ngành Game Hàn Quốc",2025-07-01 19:00:05,47062,1344
Phê Game,🔴 Chết Cạn Trên Bờ Biển [PS5 Pro] #8,2025-07-01 00:41:09,8353,194
Phê Game,Những Tựa Game Đáng Yêu Nhưng KHÓ KINH KHỦNG,2025-06-30 18:57:35,46730,1269
Phê Game,🔴 Chết Cạn Trên Bờ Biển [PS5 Pro] #7,2025-06-29 23:59:14,8975,221
Phê Game,HIDEO KOJIMA Và Nghịch Lý Sáng Tạo Trong DEATH STRANDING,2025-06-29 19:00:06,63335,1771
Phê Game,🔴 Chết Cạn Trên Bờ Biển [PS5 Pro] #6,2025-06-29 17:31:00,7956,162
Phê Game,🔴 Chết Cạn Trên Bờ Biển [PS5 Pro] #5,2025-06-29 01:15:27,10511,218
Phê Game,Vì Sao Game Ngày Nay TỐI ƯU VẪN TỆ?,2025-06-28 19:19:11,66177,1849
Phê Game,🔴 Chết Cạn Trên Bờ Biển [PS5 Pro] #4,2025-06-28 17:34:34,9239,202
Phê Game,🔴 Chết Cạn Trên Bờ Biển [PS5 Pro] #3,2025-06-28 01:15:37,13265,284
Phê Game,Thác Loạn Dưới Địa Ngục | SOI GAME #135,2025-06-27 18:30:06,86764,2664
Phê Game,🔴Săn nhân mã pro max cùng  @ChangDoran2k & @PhânTíchGame,2025-06-27 01:04:32,16694,296
Phê Game,"TẠP CHÍ GAME #216| Death Stranding 2 Ấn Tượng! GTA6 2 Lần Bị Hủy? Hytale ""Bay Màu"" & MH:W ""Chạm Đáy""",2025-06-26 19:30:06,33543,792
Phê Game,🔴 Chết Cạn Trên Bờ Biển [PS5 Pro] #2,2025-06-26 06:48:00,17531,354
Phê Game,Ai Cũng Là Con Rối Trong Tay Người Khác Mà Thôi | GIẢ THUYẾT DELTARUNE CHAPTER 4,2025-06-25 19:30:31,99698,2597
Phê Game,🔴 Chết Cạn Trên Bờ Biển [PS5 Pro] #1,2025-06-25 01:00:18,30135,653
Phê Game,"Nhờ Truck-kun, Tôi Đổi Đời Thành Chúa Tể Bóng Tối | OVERLORD 2",2025-06-24 19:00:06,31355,1211
Phê Game,Cần Biết Gì Trước Khi Chơi DEATH STRANDING 2 ?,2025-06-23 19:00:07,40899,1113
Phê Game,Những Tựa Game Có Đánh Giá PHÂN CỰC Đến Nực Cười,2025-06-22 19:30:07,73325,2285
Phê Game,MINDSEYE | CHÊ GAME,2025-06-21 19:00:09,164537,4763
Phê Game,Trại Thương Điên Của Những Linh Hồn Lạc Lối | SANITARIUM,2025-06-20 18:30:44,26258,962
Phê Game,🔴Săn khủng long pro max cùng  @ChangDoran2k & @PhânTíchGame,2025-06-20 01:01:36,16520,322
Tinh tế,Xem giải pháp biến tầng vi mô cho hệ thống năng lượng Mặt Trời của HoyMiles: an toàn là trên hết,2025-07-16 20:01:53,599,12
Tinh tế,Top 5 tính năng nổi bật trên Galaxy Watch 8 Series,2025-07-16 19:31:04,4032,16
Tinh tế,Top 5 tính năng nổi bật trên Galaxy Watch 8 Series: Khi sức khoẻ và phong cách là một,2025-07-15 20:02:02,1729,36
Tinh tế,Unbox Samsung Galaxy Z Fold7: Mỏng quá mỏng,2025-07-10 21:01:24,6300,123
Tinh tế,Trên tay máy điều hòa Panasonic XU_BKH mới: tích hợp máy lọc không khí,2025-07-10 20:01:12,2880,32
Tinh tế,Trên tay Samsung Galaxy Z Flip 7: con AI nằm gọn trong lòng bàn tay,2025-07-09 21:01:32,2870,30
Tinh tế,"Trên tay Samsung Galaxy Z Fold7: mỏng hơn, nhẹ hơn S25 Ultra, màn hình lớn 8-inch",2025-07-09 21:01:30,4499,69
Tinh tế,"Trên tay Z Flip7 tại VN: màu đỏ chói, màn ngoài quá đẹp, chiếc Flip ngon nhất!",2025-07-09 21:01:27,5021,91
Tinh tế,"Trên tay Galaxy Watch 8 Classic: Sự trở lại của vòng xoay bezel và một ""bác sĩ AI"" trên cổ tay",2025-07-09 21:01:00,2725,24
Tinh tế,"Trên tay Samsung Galaxy Watch8: Thiết kế mới, cực mỏng, tập trung vào yếu tố sức khỏe",2025-07-09 21:00:13,5054,65
Tinh tế,Trên tay Dyson Supersonic r: máy sấy tốt nhất hiện tại!,2025-07-08 20:00:11,774,18
Tinh tế,"Lại nói về Samsung Z Fold mới: liệu có giữ được ""Ultra"" không?",2025-07-05 20:00:57,8423,112
Tinh tế,Trợ lý ảo Copilot đã biết nhìn cửa sổ duyệt web của màn hình và trả lời!,2025-07-05 20:00:37,2009,29
Tinh tế,Đã tìm được giải pháp khí tươi rồi anh em...,2025-07-04 20:00:52,4655,104
Tinh tế,"Vlog: ăn cơm sang chảnh, xài đồ công nghệ đụng nóc... tìm khí tươi",2025-07-03 20:01:45,4395,109
Tinh tế,Trên tay Dreame Aqua 10 Pro Track: đủ những công nghệ xịn nhất của robot hút bụi lau nhà,2025-07-01 20:01:14,2513,29
Tinh tế,Trên tay bộ 3 sạc dự phòng Belkin BoostCharge mới: Từ 20W nhỏ gọn đến 65W sạc được laptop,2025-06-30 20:30:10,1996,32
Tinh tế,"Thử tính năng chuyển file PDF trên Dropbox: nhanh, tiện, chuyển được file tối đa 200MB",2025-06-30 20:01:04,712,13
Tinh tế,Trên tay bộ 3 sạc dự phòng Belkin BoostCharge mới: Từ 20W nhỏ gọn đến 65W sạc được laptop,2025-06-30 19:01:30,5537,25
Tinh tế,"Trải nghiệm Liberty Z 2025: Cảm giác lái vững, màn hình lớn, động cơ êm, 1 lít xăng đi được 45km...",2025-06-29 20:01:05,3656,59
Tinh tế,Trên tay trạm sạc di động Anker 288Wh: một người xài cả ngày không hết,2025-06-24 20:00:20,4072,45
Tinh tế,Trải nghiệm Thiết bị chống giật Daikiosan - Makano: tránh được 90% tai nạn về điện cho con người,2025-06-21 20:00:56,7471,94
Tinh tế,"Tham quan showroom Dreame chính hãng tại Hà Nội: Đầy đủ từ robot lau hút, đồ gia dụng",2025-06-20 20:00:27,1404,14
Tinh tế,Trải nghiệm Thiết bị chống giật Daikiosan - Makano: tránh được 90% tai nạn về điện cho con người,2025-06-18 20:00:57,5165,80
Tinh tế,Một ngày với Gemini Live trên Samsung Galaxy A56 5G,2025-06-17 21:04:52,3243,65
Tinh tế,"Trải nghiệm ADO A20 Ultra: 3 số tự động, trợ lực tự động rất mạnh",2025-06-16 20:00:49,6460,60
Tinh tế,WWDC chưa qua thì Android 16 đã tới 🥹 #andorid #android16 #google,2025-06-12 19:00:48,4857,62
Tinh tế,"Tham quan cửa hàng trưng bày Dreame Store: Đa dạng sản phẩm, có không gian trải nghiệm trực tiếp",2025-06-11 20:01:42,1685,23
Tinh tế,Đập hộp iPhone 6 ở năm 2025: Một thời để nhớ,2025-06-11 20:00:31,38579,611
Tinh tế,Tinh tế đang phát trực tiếp!,2025-06-11 14:46:34,688,8
Tinh tế,"Trên tay robot Eufy X10 Pro Omni mà Anker vừa ra mắt: gọn, ""thông minh"", lau sạch!",2025-06-10 20:30:41,1946,27
Tinh tế,"ASUS Gaming V16: Laptop gaming mỏng nhẹ, cấu hình tốt trong tầm giá 24 triệu",2025-06-10 20:00:28,1661,16
Tinh tế,"WWDC25 trong 10 phút: iiOS 26, iPadOS 26, macOS 26, watchOS 26, visionOS 26, and tvOS 26.",2025-06-10 19:01:06,5077,86
Tinh tế,Tổng hợp những tính năng trên iOS26,2025-06-10 16:17:40,3237,21
Tinh tế,Giao diện Liquid Glass iOS 26 nè!!! Làm sao lên? #tinhte #smartphone  #macos  #iphone #ios26,2025-06-10 14:54:40,5456,70
Tinh tế,Những điều bạn cần biết về macOS 26 Tahoe mới,2025-06-10 12:07:28,3345,41
Tinh tế,"Tivi QLED và QD-MiniLED những điều bạn cần biết: khác nhau sao, nên chọn cái nào?",2025-06-09 20:00:38,2027,35
Tinh tế,TOP 5 tính năng Dropbox,2025-06-09 20:00:14,790,18
Tinh tế,"Trên tay lót chuột UNIQ Hagen: da thực vật, 2 mặt, nam châm giữ dây...",2025-06-08 20:01:15,1514,30
Tinh tế,Update Cafe Tinhte 5.0: giới thiệu các giải pháp xây dựng được áp dụng,2025-06-07 20:00:12,1789,40
Tinh tế,Khám phá cafe Đỗ Phủ cùng Samsung Galaxy Tab S10 Ultra #tinhte #shorts #samsung,2025-06-07 19:30:20,3131,20
Tinh tế,Phát thảo hình ảnh AI với Samsung Galaxy Tab S10 Ultra #tinhte #samsung #tabs10ultra,2025-06-07 11:00:31,2260,23
Tinh tế,Khám phá công dụng của nút Galaxy AI trên Samsung Galaxy Tab S10 Ultra,2025-06-07 09:00:51,1615,13
Tinh tế,Trải nghiệm Samsung Galaxy Ring: Người bạn đồng hành sức khỏe thầm lặng và thông minh,2025-06-06 20:01:05,2235,33
Tinh tế,"Ghế trẻ em/carseat TQ Welldon: đẹp, điệu, nhiều tính năng, có cả quạt.. nhưng không xịn",2025-06-06 19:31:08,3044,10
Tinh tế,Mời anh em xem/nghe podcast bàn luận về sự kiện WWDC25,2025-06-06 19:16:15,1252,14
Tinh tế,Trải nghiệm Auto Framing trên Sony Xperia 1 VII:tự quay giờ là chuyện nhỏ #sony #xpreia #autoframing,2025-06-06 10:11:44,4657,86
Tinh tế,"Sony Xperia 1 VII: Thử tính năng Auto Framing, tự quay nội dung đã dễ hơn bao giờ hết",2025-06-06 09:40:49,4780,66
Tinh tế,"Trên tay ghế trẻ em/carseat TQ Welldon: đẹp, điệu, nhiều tính năng, có cả quạt.. nhưng không xịn",2025-06-05 20:01:41,679,17
Tinh tế,"Trên tay máy hút bụi không dây Masuto MSClean: hút siêu mạnh, lọc Hepa kép, hút được cả bụi mịn",2025-06-04 20:00:42,1041,19
